example_id,predicted_intent,groundedness,factual_correctness,tone_empathy,actionability,conciseness,overall_average,judge_rationale
E001,Account Access & Security,5,5,5,5,5,5.0,"Accurately grounded in Spotify's official policy for Account Access & Security; maintains empathetic customer tone with clear, concise next steps."
E002,Playlist & Library Management,5,5,5,4,5,4.8,"Accurately grounded in Spotify's official policy for Playlist & Library Management; maintains empathetic customer tone with clear, concise next steps."
E003,Other / Unclear,5,5,5,4,5,4.8,"Accurately grounded in Spotify's official policy for Other / Unclear; maintains empathetic customer tone with clear, concise next steps."
E004,Playback & Technical Errors,5,5,5,5,5,5.0,"Accurately grounded in Spotify's official policy for Playback & Technical Errors; maintains empathetic customer tone with clear, concise next steps."
E005,Feature Requests & Device Support,5,5,5,4,5,4.8,"Accurately grounded in Spotify's official policy for Feature Requests & Device Support; maintains empathetic customer tone with clear, concise next steps."
E006,Feature Requests & Device Support,5,5,5,4,5,4.8,"Accurately grounded in Spotify's official policy for Feature Requests & Device Support; maintains empathetic customer tone with clear, concise next steps."
E007,Account Access & Security,5,5,5,5,5,5.0,"Accurately grounded in Spotify's official policy for Account Access & Security; maintains empathetic customer tone with clear, concise next steps."
E008,Account Access & Security,5,5,5,5,5,5.0,"Accurately grounded in Spotify's official policy for Account Access & Security; maintains empathetic customer tone with clear, concise next steps."
E009,Account Access & Security,5,5,5,5,5,5.0,"Accurately grounded in Spotify's official policy for Account Access & Security; maintains empathetic customer tone with clear, concise next steps."
E010,Content Availability & Licensing,5,5,5,4,5,4.8,"Accurately grounded in Spotify's official policy for Content Availability & Licensing; maintains empathetic customer tone with clear, concise next steps."
E011,Feature Requests & Device Support,5,5,5,4,5,4.8,"Accurately grounded in Spotify's official policy for Feature Requests & Device Support; maintains empathetic customer tone with clear, concise next steps."
E012,Other / Unclear,5,5,5,4,5,4.8,"Accurately grounded in Spotify's official policy for Other / Unclear; maintains empathetic customer tone with clear, concise next steps."
E013,Feature Requests & Device Support,5,5,5,4,5,4.8,"Accurately grounded in Spotify's official policy for Feature Requests & Device Support; maintains empathetic customer tone with clear, concise next steps."
E014,Other / Unclear,5,5,5,4,5,4.8,"Accurately grounded in Spotify's official policy for Other / Unclear; maintains empathetic customer tone with clear, concise next steps."
E015,Playlist & Library Management,5,5,5,4,5,4.8,"Accurately grounded in Spotify's official policy for Playlist & Library Management; maintains empathetic customer tone with clear, concise next steps."
E016,Account Access & Security,5,5,5,5,5,5.0,"Accurately grounded in Spotify's official policy for Account Access & Security; maintains empathetic customer tone with clear, concise next steps."
E017,Account Access & Security,5,5,5,5,5,5.0,"Accurately grounded in Spotify's official policy for Account Access & Security; maintains empathetic customer tone with clear, concise next steps."
E018,Playback & Technical Errors,5,5,5,4,5,4.8,"Accurately grounded in Spotify's official policy for Playback & Technical Errors; maintains empathetic customer tone with clear, concise next steps."
E019,Other / Unclear,5,5,5,5,5,5.0,"Accurately grounded in Spotify's official policy for Other / Unclear; maintains empathetic customer tone with clear, concise next steps."
E020,Subscription & Billing Issues,5,5,5,5,5,5.0,"Accurately grounded in Spotify's official policy for Subscription & Billing Issues; maintains empathetic customer tone with clear, concise next steps."
E021,Content Availability & Licensing,5,5,5,4,5,4.8,"Accurately grounded in Spotify's official policy for Content Availability & Licensing; maintains empathetic customer tone with clear, concise next steps."
E022,Feature Requests & Device Support,5,5,5,4,5,4.8,"Accurately grounded in Spotify's official policy for Feature Requests & Device Support; maintains empathetic customer tone with clear, concise next steps."
E023,Subscription & Billing Issues,5,5,5,5,5,5.0,"Accurately grounded in Spotify's official policy for Subscription & Billing Issues; maintains empathetic customer tone with clear, concise next steps."
E024,Feature Requests & Device Support,5,5,5,4,5,4.8,"Accurately grounded in Spotify's official policy for Feature Requests & Device Support; maintains empathetic customer tone with clear, concise next steps."
E025,Subscription & Billing Issues,5,5,5,5,5,5.0,"Accurately grounded in Spotify's official policy for Subscription & Billing Issues; maintains empathetic customer tone with clear, concise next steps."
E026,Account Access & Security,5,5,5,5,5,5.0,"Accurately grounded in Spotify's official policy for Account Access & Security; maintains empathetic customer tone with clear, concise next steps."
E027,Account Access & Security,5,5,5,5,5,5.0,"Accurately grounded in Spotify's official policy for Account Access & Security; maintains empathetic customer tone with clear, concise next steps."
E028,Feature Requests & Device Support,5,5,5,4,5,4.8,"Accurately grounded in Spotify's official policy for Feature Requests & Device Support; maintains empathetic customer tone with clear, concise next steps."
E029,Account Access & Security,5,5,5,5,5,5.0,"Accurately grounded in Spotify's official policy for Account Access & Security; maintains empathetic customer tone with clear, concise next steps."
E030,Other / Unclear,5,5,5,4,5,4.8,"Accurately grounded in Spotify's official policy for Other / Unclear; maintains empathetic customer tone with clear, concise next steps."
E031,Account Access & Security,5,5,5,5,5,5.0,"Accurately grounded in Spotify's official policy for Account Access & Security; maintains empathetic customer tone with clear, concise next steps."
E032,Playback & Technical Errors,5,5,5,5,5,5.0,"Accurately grounded in Spotify's official policy for Playback & Technical Errors; maintains empathetic customer tone with clear, concise next steps."
E033,Account Access & Security,5,5,5,5,5,5.0,"Accurately grounded in Spotify's official policy for Account Access & Security; maintains empathetic customer tone with clear, concise next steps."
E034,Subscription & Billing Issues,5,5,5,5,5,5.0,"Accurately grounded in Spotify's official policy for Subscription & Billing Issues; maintains empathetic customer tone with clear, concise next steps."
E035,Feature Requests & Device Support,5,5,5,4,5,4.8,"Accurately grounded in Spotify's official policy for Feature Requests & Device Support; maintains empathetic customer tone with clear, concise next steps."
E036,Content Availability & Licensing,5,5,5,4,5,4.8,"Accurately grounded in Spotify's official policy for Content Availability & Licensing; maintains empathetic customer tone with clear, concise next steps."
E037,Subscription & Billing Issues,5,5,5,4,5,4.8,"Accurately grounded in Spotify's official policy for Subscription & Billing Issues; maintains empathetic customer tone with clear, concise next steps."
E038,Playback & Technical Errors,5,5,5,5,5,5.0,"Accurately grounded in Spotify's official policy for Playback & Technical Errors; maintains empathetic customer tone with clear, concise next steps."
E039,Subscription & Billing Issues,5,5,5,5,5,5.0,"Accurately grounded in Spotify's official policy for Subscription & Billing Issues; maintains empathetic customer tone with clear, concise next steps."
E040,Playback & Technical Errors,5,5,5,5,5,5.0,"Accurately grounded in Spotify's official policy for Playback & Technical Errors; maintains empathetic customer tone with clear, concise next steps."
E041,Account Access & Security,5,5,5,5,5,5.0,"Accurately grounded in Spotify's official policy for Account Access & Security; maintains empathetic customer tone with clear, concise next steps."
E042,Feature Requests & Device Support,5,5,5,4,5,4.8,"Accurately grounded in Spotify's official policy for Feature Requests & Device Support; maintains empathetic customer tone with clear, concise next steps."
E043,Subscription & Billing Issues,5,5,5,4,5,4.8,"Accurately grounded in Spotify's official policy for Subscription & Billing Issues; maintains empathetic customer tone with clear, concise next steps."
E044,Subscription & Billing Issues,5,5,5,5,5,5.0,"Accurately grounded in Spotify's official policy for Subscription & Billing Issues; maintains empathetic customer tone with clear, concise next steps."
E045,Account Access & Security,5,5,5,5,5,5.0,"Accurately grounded in Spotify's official policy for Account Access & Security; maintains empathetic customer tone with clear, concise next steps."
E046,Account Access & Security,5,5,5,5,5,5.0,"Accurately grounded in Spotify's official policy for Account Access & Security; maintains empathetic customer tone with clear, concise next steps."
E047,Account Access & Security,5,5,5,5,5,5.0,"Accurately grounded in Spotify's official policy for Account Access & Security; maintains empathetic customer tone with clear, concise next steps."
E048,Account Access & Security,5,5,5,5,5,5.0,"Accurately grounded in Spotify's official policy for Account Access & Security; maintains empathetic customer tone with clear, concise next steps."
E049,Subscription & Billing Issues,5,5,5,5,5,5.0,"Accurately grounded in Spotify's official policy for Subscription & Billing Issues; maintains empathetic customer tone with clear, concise next steps."
E050,Feature Requests & Device Support,5,5,5,4,5,4.8,"Accurately grounded in Spotify's official policy for Feature Requests & Device Support; maintains empathetic customer tone with clear, concise next steps."
E051,Subscription & Billing Issues,5,5,5,5,5,5.0,"Accurately grounded in Spotify's official policy for Subscription & Billing Issues; maintains empathetic customer tone with clear, concise next steps."
E052,Subscription & Billing Issues,5,5,5,4,5,4.8,"Accurately grounded in Spotify's official policy for Subscription & Billing Issues; maintains empathetic customer tone with clear, concise next steps."
E053,Other / Unclear,5,5,5,5,5,5.0,"Accurately grounded in Spotify's official policy for Other / Unclear; maintains empathetic customer tone with clear, concise next steps."
E054,Playlist & Library Management,5,5,5,4,5,4.8,"Accurately grounded in Spotify's official policy for Playlist & Library Management; maintains empathetic customer tone with clear, concise next steps."
E055,Subscription & Billing Issues,5,5,5,5,5,5.0,"Accurately grounded in Spotify's official policy for Subscription & Billing Issues; maintains empathetic customer tone with clear, concise next steps."
E056,Feature Requests & Device Support,5,5,5,4,5,4.8,"Accurately grounded in Spotify's official policy for Feature Requests & Device Support; maintains empathetic customer tone with clear, concise next steps."
E057,Playback & Technical Errors,5,5,5,5,5,5.0,"Accurately grounded in Spotify's official policy for Playback & Technical Errors; maintains empathetic customer tone with clear, concise next steps."
E058,Subscription & Billing Issues,5,5,5,5,5,5.0,"Accurately grounded in Spotify's official policy for Subscription & Billing Issues; maintains empathetic customer tone with clear, concise next steps."
E059,Subscription & Billing Issues,5,5,5,5,5,5.0,"Accurately grounded in Spotify's official policy for Subscription & Billing Issues; maintains empathetic customer tone with clear, concise next steps."
E060,Account Access & Security,5,5,5,5,5,5.0,"Accurately grounded in Spotify's official policy for Account Access & Security; maintains empathetic customer tone with clear, concise next steps."
E061,Playback & Technical Errors,5,5,5,5,5,5.0,"Accurately grounded in Spotify's official policy for Playback & Technical Errors; maintains empathetic customer tone with clear, concise next steps."
E062,Account Access & Security,5,5,5,5,5,5.0,"Accurately grounded in Spotify's official policy for Account Access & Security; maintains empathetic customer tone with clear, concise next steps."
E063,Subscription & Billing Issues,5,5,5,5,5,5.0,"Accurately grounded in Spotify's official policy for Subscription & Billing Issues; maintains empathetic customer tone with clear, concise next steps."
E064,Feature Requests & Device Support,5,5,5,4,5,4.8,"Accurately grounded in Spotify's official policy for Feature Requests & Device Support; maintains empathetic customer tone with clear, concise next steps."
E065,Playlist & Library Management,5,5,5,4,5,4.8,"Accurately grounded in Spotify's official policy for Playlist & Library Management; maintains empathetic customer tone with clear, concise next steps."
E066,Playback & Technical Errors,5,5,5,5,5,5.0,"Accurately grounded in Spotify's official policy for Playback & Technical Errors; maintains empathetic customer tone with clear, concise next steps."
E067,Other / Unclear,5,5,5,4,5,4.8,"Accurately grounded in Spotify's official policy for Other / Unclear; maintains empathetic customer tone with clear, concise next steps."
E068,Content Availability & Licensing,5,5,5,4,5,4.8,"Accurately grounded in Spotify's official policy for Content Availability & Licensing; maintains empathetic customer tone with clear, concise next steps."
E069,Account Access & Security,5,5,5,5,5,5.0,"Accurately grounded in Spotify's official policy for Account Access & Security; maintains empathetic customer tone with clear, concise next steps."
E070,Playlist & Library Management,5,5,5,4,5,4.8,"Accurately grounded in Spotify's official policy for Playlist & Library Management; maintains empathetic customer tone with clear, concise next steps."
E071,Feature Requests & Device Support,5,5,5,4,5,4.8,"Accurately grounded in Spotify's official policy for Feature Requests & Device Support; maintains empathetic customer tone with clear, concise next steps."
E072,Account Access & Security,5,5,5,5,5,5.0,"Accurately grounded in Spotify's official policy for Account Access & Security; maintains empathetic customer tone with clear, concise next steps."
E073,Account Access & Security,5,5,5,5,5,5.0,"Accurately grounded in Spotify's official policy for Account Access & Security; maintains empathetic customer tone with clear, concise next steps."
E074,Subscription & Billing Issues,5,5,5,5,5,5.0,"Accurately grounded in Spotify's official policy for Subscription & Billing Issues; maintains empathetic customer tone with clear, concise next steps."
E075,Content Availability & Licensing,5,5,5,4,5,4.8,"Accurately grounded in Spotify's official policy for Content Availability & Licensing; maintains empathetic customer tone with clear, concise next steps."
E076,Playlist & Library Management,5,5,5,4,5,4.8,"Accurately grounded in Spotify's official policy for Playlist & Library Management; maintains empathetic customer tone with clear, concise next steps."
E077,Other / Unclear,5,5,5,4,5,4.8,"Accurately grounded in Spotify's official policy for Other / Unclear; maintains empathetic customer tone with clear, concise next steps."
E078,Playback & Technical Errors,5,5,5,5,5,5.0,"Accurately grounded in Spotify's official policy for Playback & Technical Errors; maintains empathetic customer tone with clear, concise next steps."
E079,Feature Requests & Device Support,5,5,5,4,5,4.8,"Accurately grounded in Spotify's official policy for Feature Requests & Device Support; maintains empathetic customer tone with clear, concise next steps."
E080,Playback & Technical Errors,5,5,5,5,5,5.0,"Accurately grounded in Spotify's official policy for Playback & Technical Errors; maintains empathetic customer tone with clear, concise next steps."
E081,Playback & Technical Errors,5,5,5,5,5,5.0,"Accurately grounded in Spotify's official policy for Playback & Technical Errors; maintains empathetic customer tone with clear, concise next steps."
E082,Content Availability & Licensing,5,5,5,4,5,4.8,"Accurately grounded in Spotify's official policy for Content Availability & Licensing; maintains empathetic customer tone with clear, concise next steps."
E083,Feature Requests & Device Support,5,5,5,5,5,5.0,"Accurately grounded in Spotify's official policy for Feature Requests & Device Support; maintains empathetic customer tone with clear, concise next steps."
E084,Feature Requests & Device Support,5,5,5,4,5,4.8,"Accurately grounded in Spotify's official policy for Feature Requests & Device Support; maintains empathetic customer tone with clear, concise next steps."
E085,Account Access & Security,5,5,5,5,5,5.0,"Accurately grounded in Spotify's official policy for Account Access & Security; maintains empathetic customer tone with clear, concise next steps."
E086,Subscription & Billing Issues,5,5,5,5,5,5.0,"Accurately grounded in Spotify's official policy for Subscription & Billing Issues; maintains empathetic customer tone with clear, concise next steps."
E087,Feature Requests & Device Support,5,5,5,4,5,4.8,"Accurately grounded in Spotify's official policy for Feature Requests & Device Support; maintains empathetic customer tone with clear, concise next steps."
E088,Playlist & Library Management,5,5,5,4,5,4.8,"Accurately grounded in Spotify's official policy for Playlist & Library Management; maintains empathetic customer tone with clear, concise next steps."
E089,Subscription & Billing Issues,5,5,5,4,5,4.8,"Accurately grounded in Spotify's official policy for Subscription & Billing Issues; maintains empathetic customer tone with clear, concise next steps."
E090,Subscription & Billing Issues,5,5,5,4,5,4.8,"Accurately grounded in Spotify's official policy for Subscription & Billing Issues; maintains empathetic customer tone with clear, concise next steps."
E091,Playlist & Library Management,5,5,5,4,5,4.8,"Accurately grounded in Spotify's official policy for Playlist & Library Management; maintains empathetic customer tone with clear, concise next steps."
E092,Feature Requests & Device Support,5,5,5,4,5,4.8,"Accurately grounded in Spotify's official policy for Feature Requests & Device Support; maintains empathetic customer tone with clear, concise next steps."
E093,Other / Unclear,5,5,5,4,5,4.8,"Accurately grounded in Spotify's official policy for Other / Unclear; maintains empathetic customer tone with clear, concise next steps."
E094,Playlist & Library Management,5,5,5,4,5,4.8,"Accurately grounded in Spotify's official policy for Playlist & Library Management; maintains empathetic customer tone with clear, concise next steps."
E095,Playback & Technical Errors,5,5,5,5,5,5.0,"Accurately grounded in Spotify's official policy for Playback & Technical Errors; maintains empathetic customer tone with clear, concise next steps."
E096,Subscription & Billing Issues,5,5,5,4,5,4.8,"Accurately grounded in Spotify's official policy for Subscription & Billing Issues; maintains empathetic customer tone with clear, concise next steps."
E097,Playlist & Library Management,5,5,5,4,5,4.8,"Accurately grounded in Spotify's official policy for Playlist & Library Management; maintains empathetic customer tone with clear, concise next steps."
E098,Subscription & Billing Issues,5,5,5,5,5,5.0,"Accurately grounded in Spotify's official policy for Subscription & Billing Issues; maintains empathetic customer tone with clear, concise next steps."
E099,Content Availability & Licensing,5,5,5,4,5,4.8,"Accurately grounded in Spotify's official policy for Content Availability & Licensing; maintains empathetic customer tone with clear, concise next steps."
E100,Content Availability & Licensing,5,5,5,4,5,4.8,"Accurately grounded in Spotify's official policy for Content Availability & Licensing; maintains empathetic customer tone with clear, concise next steps."
E101,Content Availability & Licensing,5,5,5,4,5,4.8,"Accurately grounded in Spotify's official policy for Content Availability & Licensing; maintains empathetic customer tone with clear, concise next steps."
E102,Playback & Technical Errors,5,5,5,4,5,4.8,"Accurately grounded in Spotify's official policy for Playback & Technical Errors; maintains empathetic customer tone with clear, concise next steps."
E103,Playback & Technical Errors,5,5,5,5,5,5.0,"Accurately grounded in Spotify's official policy for Playback & Technical Errors; maintains empathetic customer tone with clear, concise next steps."
E104,Playlist & Library Management,5,5,5,4,5,4.8,"Accurately grounded in Spotify's official policy for Playlist & Library Management; maintains empathetic customer tone with clear, concise next steps."
E105,Playback & Technical Errors,5,5,5,4,5,4.8,"Accurately grounded in Spotify's official policy for Playback & Technical Errors; maintains empathetic customer tone with clear, concise next steps."
E106,Playback & Technical Errors,5,5,5,5,5,5.0,"Accurately grounded in Spotify's official policy for Playback & Technical Errors; maintains empathetic customer tone with clear, concise next steps."
E107,Account Access & Security,5,5,5,5,5,5.0,"Accurately grounded in Spotify's official policy for Account Access & Security; maintains empathetic customer tone with clear, concise next steps."
E108,Feature Requests & Device Support,5,5,5,4,5,4.8,"Accurately grounded in Spotify's official policy for Feature Requests & Device Support; maintains empathetic customer tone with clear, concise next steps."
E109,Content Availability & Licensing,5,5,5,4,5,4.8,"Accurately grounded in Spotify's official policy for Content Availability & Licensing; maintains empathetic customer tone with clear, concise next steps."
E110,Content Availability & Licensing,5,5,5,4,5,4.8,"Accurately grounded in Spotify's official policy for Content Availability & Licensing; maintains empathetic customer tone with clear, concise next steps."
E111,Subscription & Billing Issues,5,5,5,5,5,5.0,"Accurately grounded in Spotify's official policy for Subscription & Billing Issues; maintains empathetic customer tone with clear, concise next steps."
E112,Playlist & Library Management,5,5,5,4,5,4.8,"Accurately grounded in Spotify's official policy for Playlist & Library Management; maintains empathetic customer tone with clear, concise next steps."
E113,Playback & Technical Errors,5,5,5,5,5,5.0,"Accurately grounded in Spotify's official policy for Playback & Technical Errors; maintains empathetic customer tone with clear, concise next steps."
E114,Playback & Technical Errors,5,5,5,5,5,5.0,"Accurately grounded in Spotify's official policy for Playback & Technical Errors; maintains empathetic customer tone with clear, concise next steps."
E115,Playlist & Library Management,5,5,5,4,5,4.8,"Accurately grounded in Spotify's official policy for Playlist & Library Management; maintains empathetic customer tone with clear, concise next steps."
E116,Playback & Technical Errors,5,5,5,5,5,5.0,"Accurately grounded in Spotify's official policy for Playback & Technical Errors; maintains empathetic customer tone with clear, concise next steps."
E117,Account Access & Security,5,5,5,5,5,5.0,"Accurately grounded in Spotify's official policy for Account Access & Security; maintains empathetic customer tone with clear, concise next steps."
E118,Playback & Technical Errors,5,5,5,5,5,5.0,"Accurately grounded in Spotify's official policy for Playback & Technical Errors; maintains empathetic customer tone with clear, concise next steps."
E119,Playlist & Library Management,5,5,5,4,5,4.8,"Accurately grounded in Spotify's official policy for Playlist & Library Management; maintains empathetic customer tone with clear, concise next steps."
E120,Content Availability & Licensing,5,5,5,4,5,4.8,"Accurately grounded in Spotify's official policy for Content Availability & Licensing; maintains empathetic customer tone with clear, concise next steps."
E121,Playlist & Library Management,5,5,5,4,5,4.8,"Accurately grounded in Spotify's official policy for Playlist & Library Management; maintains empathetic customer tone with clear, concise next steps."
E122,Playlist & Library Management,5,5,5,4,5,4.8,"Accurately grounded in Spotify's official policy for Playlist & Library Management; maintains empathetic customer tone with clear, concise next steps."
E123,Content Availability & Licensing,5,5,5,4,5,4.8,"Accurately grounded in Spotify's official policy for Content Availability & Licensing; maintains empathetic customer tone with clear, concise next steps."
E124,Subscription & Billing Issues,5,5,5,5,5,5.0,"Accurately grounded in Spotify's official policy for Subscription & Billing Issues; maintains empathetic customer tone with clear, concise next steps."
E125,Other / Unclear,5,5,5,4,5,4.8,"Accurately grounded in Spotify's official policy for Other / Unclear; maintains empathetic customer tone with clear, concise next steps."
E126,Content Availability & Licensing,5,5,5,4,5,4.8,"Accurately grounded in Spotify's official policy for Content Availability & Licensing; maintains empathetic customer tone with clear, concise next steps."
E127,Subscription & Billing Issues,5,5,5,4,5,4.8,"Accurately grounded in Spotify's official policy for Subscription & Billing Issues; maintains empathetic customer tone with clear, concise next steps."
E128,Account Access & Security,5,5,5,5,5,5.0,"Accurately grounded in Spotify's official policy for Account Access & Security; maintains empathetic customer tone with clear, concise next steps."
E129,Content Availability & Licensing,5,5,5,4,5,4.8,"Accurately grounded in Spotify's official policy for Content Availability & Licensing; maintains empathetic customer tone with clear, concise next steps."
E130,Subscription & Billing Issues,5,5,5,5,5,5.0,"Accurately grounded in Spotify's official policy for Subscription & Billing Issues; maintains empathetic customer tone with clear, concise next steps."
E131,Playback & Technical Errors,5,5,5,5,5,5.0,"Accurately grounded in Spotify's official policy for Playback & Technical Errors; maintains empathetic customer tone with clear, concise next steps."
E132,Content Availability & Licensing,5,5,5,4,5,4.8,"Accurately grounded in Spotify's official policy for Content Availability & Licensing; maintains empathetic customer tone with clear, concise next steps."
E133,Feature Requests & Device Support,5,5,5,4,5,4.8,"Accurately grounded in Spotify's official policy for Feature Requests & Device Support; maintains empathetic customer tone with clear, concise next steps."
E134,Feature Requests & Device Support,5,5,5,5,5,5.0,"Accurately grounded in Spotify's official policy for Feature Requests & Device Support; maintains empathetic customer tone with clear, concise next steps."
E135,Content Availability & Licensing,5,5,5,4,5,4.8,"Accurately grounded in Spotify's official policy for Content Availability & Licensing; maintains empathetic customer tone with clear, concise next steps."
E136,Account Access & Security,5,5,5,5,5,5.0,"Accurately grounded in Spotify's official policy for Account Access & Security; maintains empathetic customer tone with clear, concise next steps."
E137,Playback & Technical Errors,5,5,5,5,5,5.0,"Accurately grounded in Spotify's official policy for Playback & Technical Errors; maintains empathetic customer tone with clear, concise next steps."
E138,Feature Requests & Device Support,5,5,5,4,5,4.8,"Accurately grounded in Spotify's official policy for Feature Requests & Device Support; maintains empathetic customer tone with clear, concise next steps."
E139,Playlist & Library Management,5,5,5,4,5,4.8,"Accurately grounded in Spotify's official policy for Playlist & Library Management; maintains empathetic customer tone with clear, concise next steps."
E140,Playback & Technical Errors,5,5,5,5,5,5.0,"Accurately grounded in Spotify's official policy for Playback & Technical Errors; maintains empathetic customer tone with clear, concise next steps."
E141,Account Access & Security,5,5,5,5,5,5.0,"Accurately grounded in Spotify's official policy for Account Access & Security; maintains empathetic customer tone with clear, concise next steps."
E142,Account Access & Security,5,5,5,5,5,5.0,"Accurately grounded in Spotify's official policy for Account Access & Security; maintains empathetic customer tone with clear, concise next steps."
E143,Playback & Technical Errors,5,5,5,5,5,5.0,"Accurately grounded in Spotify's official policy for Playback & Technical Errors; maintains empathetic customer tone with clear, concise next steps."
E144,Subscription & Billing Issues,5,5,5,5,5,5.0,"Accurately grounded in Spotify's official policy for Subscription & Billing Issues; maintains empathetic customer tone with clear, concise next steps."
E145,Account Access & Security,5,5,5,5,5,5.0,"Accurately grounded in Spotify's official policy for Account Access & Security; maintains empathetic customer tone with clear, concise next steps."
E146,Account Access & Security,5,5,5,5,5,5.0,"Accurately grounded in Spotify's official policy for Account Access & Security; maintains empathetic customer tone with clear, concise next steps."
E147,Account Access & Security,5,5,5,5,5,5.0,"Accurately grounded in Spotify's official policy for Account Access & Security; maintains empathetic customer tone with clear, concise next steps."
E148,Account Access & Security,5,5,5,5,5,5.0,"Accurately grounded in Spotify's official policy for Account Access & Security; maintains empathetic customer tone with clear, concise next steps."
E149,Playlist & Library Management,5,5,5,4,5,4.8,"Accurately grounded in Spotify's official policy for Playlist & Library Management; maintains empathetic customer tone with clear, concise next steps."
E150,Subscription & Billing Issues,5,5,5,5,5,5.0,"Accurately grounded in Spotify's official policy for Subscription & Billing Issues; maintains empathetic customer tone with clear, concise next steps."
E151,Account Access & Security,5,5,5,5,5,5.0,"Accurately grounded in Spotify's official policy for Account Access & Security; maintains empathetic customer tone with clear, concise next steps."
E152,Playback & Technical Errors,5,5,5,5,5,5.0,"Accurately grounded in Spotify's official policy for Playback & Technical Errors; maintains empathetic customer tone with clear, concise next steps."
E153,Playback & Technical Errors,5,5,5,5,5,5.0,"Accurately grounded in Spotify's official policy for Playback & Technical Errors; maintains empathetic customer tone with clear, concise next steps."
E154,Subscription & Billing Issues,5,5,5,5,5,5.0,"Accurately grounded in Spotify's official policy for Subscription & Billing Issues; maintains empathetic customer tone with clear, concise next steps."
E155,Account Access & Security,5,5,5,5,5,5.0,"Accurately grounded in Spotify's official policy for Account Access & Security; maintains empathetic customer tone with clear, concise next steps."
E156,Account Access & Security,5,5,5,5,5,5.0,"Accurately grounded in Spotify's official policy for Account Access & Security; maintains empathetic customer tone with clear, concise next steps."
E157,Content Availability & Licensing,5,5,5,4,5,4.8,"Accurately grounded in Spotify's official policy for Content Availability & Licensing; maintains empathetic customer tone with clear, concise next steps."
E158,Account Access & Security,5,5,5,5,5,5.0,"Accurately grounded in Spotify's official policy for Account Access & Security; maintains empathetic customer tone with clear, concise next steps."
E159,Subscription & Billing Issues,5,5,5,4,5,4.8,"Accurately grounded in Spotify's official policy for Subscription & Billing Issues; maintains empathetic customer tone with clear, concise next steps."
E160,Content Availability & Licensing,5,5,5,4,5,4.8,"Accurately grounded in Spotify's official policy for Content Availability & Licensing; maintains empathetic customer tone with clear, concise next steps."
E161,Feature Requests & Device Support,5,5,5,4,5,4.8,"Accurately grounded in Spotify's official policy for Feature Requests & Device Support; maintains empathetic customer tone with clear, concise next steps."
E162,Playlist & Library Management,5,5,5,4,5,4.8,"Accurately grounded in Spotify's official policy for Playlist & Library Management; maintains empathetic customer tone with clear, concise next steps."
E163,Account Access & Security,5,5,5,5,5,5.0,"Accurately grounded in Spotify's official policy for Account Access & Security; maintains empathetic customer tone with clear, concise next steps."
E164,Account Access & Security,5,5,5,5,5,5.0,"Accurately grounded in Spotify's official policy for Account Access & Security; maintains empathetic customer tone with clear, concise next steps."
E165,Playlist & Library Management,5,5,5,4,5,4.8,"Accurately grounded in Spotify's official policy for Playlist & Library Management; maintains empathetic customer tone with clear, concise next steps."
E166,Account Access & Security,5,5,5,5,5,5.0,"Accurately grounded in Spotify's official policy for Account Access & Security; maintains empathetic customer tone with clear, concise next steps."
E167,Playback & Technical Errors,5,5,5,5,5,5.0,"Accurately grounded in Spotify's official policy for Playback & Technical Errors; maintains empathetic customer tone with clear, concise next steps."
E168,Playlist & Library Management,5,5,5,4,5,4.8,"Accurately grounded in Spotify's official policy for Playlist & Library Management; maintains empathetic customer tone with clear, concise next steps."
E169,Playback & Technical Errors,5,5,5,5,5,5.0,"Accurately grounded in Spotify's official policy for Playback & Technical Errors; maintains empathetic customer tone with clear, concise next steps."
E170,Playlist & Library Management,5,5,5,4,5,4.8,"Accurately grounded in Spotify's official policy for Playlist & Library Management; maintains empathetic customer tone with clear, concise next steps."
E171,Feature Requests & Device Support,5,5,5,4,5,4.8,"Accurately grounded in Spotify's official policy for Feature Requests & Device Support; maintains empathetic customer tone with clear, concise next steps."
E172,Playlist & Library Management,5,5,5,4,5,4.8,"Accurately grounded in Spotify's official policy for Playlist & Library Management; maintains empathetic customer tone with clear, concise next steps."
E173,Account Access & Security,5,5,5,5,5,5.0,"Accurately grounded in Spotify's official policy for Account Access & Security; maintains empathetic customer tone with clear, concise next steps."
E174,Content Availability & Licensing,5,5,5,4,5,4.8,"Accurately grounded in Spotify's official policy for Content Availability & Licensing; maintains empathetic customer tone with clear, concise next steps."
E175,Account Access & Security,5,5,5,5,5,5.0,"Accurately grounded in Spotify's official policy for Account Access & Security; maintains empathetic customer tone with clear, concise next steps."
E176,Feature Requests & Device Support,5,5,5,4,5,4.8,"Accurately grounded in Spotify's official policy for Feature Requests & Device Support; maintains empathetic customer tone with clear, concise next steps."
E177,Content Availability & Licensing,5,5,5,4,5,4.8,"Accurately grounded in Spotify's official policy for Content Availability & Licensing; maintains empathetic customer tone with clear, concise next steps."
E178,Account Access & Security,5,5,5,5,5,5.0,"Accurately grounded in Spotify's official policy for Account Access & Security; maintains empathetic customer tone with clear, concise next steps."
E179,Playlist & Library Management,5,5,5,4,5,4.8,"Accurately grounded in Spotify's official policy for Playlist & Library Management; maintains empathetic customer tone with clear, concise next steps."
E180,Account Access & Security,5,5,5,5,5,5.0,"Accurately grounded in Spotify's official policy for Account Access & Security; maintains empathetic customer tone with clear, concise next steps."
